,title,pdf_url  Arxiv,published  Arxiv,result  Arxiv,ISBN,address,booktitle,doi,journal,language,month,note,number,pages,publisher,url,volume,year
0,A Secure and Efficient Federated Learning Framework for NLP,http://arxiv.org/pdf/2201.11934v1,2022-01-28 05:01:25+00:00,http://arxiv.org/abs/2201.11934v1,,"Online and Punta Cana, Dominican Republic",Proceedings of the 2021 Conference on Empirical Methods in Natural Language Processing,10.18653/v1/2021.emnlp-main.606,,,November,,,7676--7682,Association for Computational Linguistics,https://aclanthology.org/2021.emnlp-main.606,,2021
1,Indian Language Wordnets and their Linkages with Princeton WordNet,http://arxiv.org/pdf/2201.02977v1,2022-01-09 10:12:31+00:00,http://arxiv.org/abs/2201.02977v1,,"Miyazaki, Japan",Proceedings of the Eleventh International Conference on Language Resources and Evaluation ({LREC} 2018),,,,May,,,,European Language Resources Association (ELRA),https://aclanthology.org/L18-1728,,2018
2,Semi-automatic WordNet Linking using Word Embeddings,http://arxiv.org/pdf/2201.01747v1,2022-01-05 18:15:55+00:00,http://arxiv.org/abs/2201.01747v1,,"Nanyang Technological University (NTU), Singapore",Proceedings of the 9th Global Wordnet Conference,,,,January,,,266--271,Global Wordnet Association,https://aclanthology.org/2018.gwc-1.31,,2018
3,Utilizing Wordnets for Cognate Detection among Indian Languages,http://arxiv.org/pdf/2112.15124v1,2021-12-30 16:46:28+00:00,http://arxiv.org/abs/2112.15124v1,,"Wroclaw, Poland",Proceedings of the 10th Global Wordnet Conference,,,,July,,,404--412,Global Wordnet Association,https://aclanthology.org/2019.gwc-1.51,,2019
4,Does QA-based intermediate training help fine-tuning language models for text classification?,http://arxiv.org/pdf/2112.15051v1,2021-12-30 13:30:25+00:00,http://arxiv.org/abs/2112.15051v1,,Online,Proceedings of the The 19th Annual Workshop of the Australasian Language Technology Association,,,,December,,,158--162,Australasian Language Technology Association,https://aclanthology.org/2021.alta-1.16,,2021
5,Challenge Dataset of Cognates and False Friend Pairs from Indian Languages,http://arxiv.org/pdf/2112.09526v1,2021-12-17 14:23:43+00:00,http://arxiv.org/abs/2112.09526v1,979-10-95546-34-4,"Marseille, France",Proceedings of the 12th Language Resources and Evaluation Conference,,,English,May,,,3096--3102,European Language Resources Association,https://aclanthology.org/2020.lrec-1.378,,2020
6,Harnessing Cross-lingual Features to Improve Cognate Detection for Low-resource Languages,http://arxiv.org/pdf/2112.08789v1,2021-12-16 11:17:58+00:00,http://arxiv.org/abs/2112.08789v1,,"Barcelona, Spain (Online)",Proceedings of the 28th International Conference on Computational Linguistics,10.18653/v1/2020.coling-main.119,,,December,,,1384--1395,International Committee on Computational Linguistics,https://aclanthology.org/2020.coling-main.119,,2020
7,Cognition-aware Cognate Detection,http://arxiv.org/pdf/2112.08087v1,2021-12-15 12:48:04+00:00,http://arxiv.org/abs/2112.08087v1,,Online,Proceedings of the 16th Conference of the European Chapter of the Association for Computational Linguistics: Main Volume,10.18653/v1/2021.eacl-main.288,,,April,,,3281--3292,Association for Computational Linguistics,https://aclanthology.org/2021.eacl-main.288,,2021
8,Findings on Conversation Disentanglement,http://arxiv.org/pdf/2112.05346v1,2021-12-10 05:54:48+00:00,http://arxiv.org/abs/2112.05346v1,,Online,Proceedings of the The 19th Annual Workshop of the Australasian Language Technology Association,,,,December,,,1--11,Australasian Language Technology Association,https://aclanthology.org/2021.alta-1.1,,2021
9,How Emotionally Stable is ALBERT? Testing Robustness with Stochastic Weight Averaging on a Sentiment Analysis Task,http://arxiv.org/pdf/2111.09612v1,2021-11-18 10:39:01+00:00,http://arxiv.org/abs/2111.09612v1,,"Punta Cana, Dominican Republic",Proceedings of the 2nd Workshop on Evaluation and Comparison of NLP Systems,10.18653/v1/2021.eval4nlp-1.3,,,November,,,16--31,Association for Computational Linguistics,https://aclanthology.org/2021.eval4nlp-1.3,,2021
10,Variation and generality in encoding of syntactic anomaly information in sentence embeddings,http://arxiv.org/pdf/2111.06644v1,2021-11-12 10:23:43+00:00,http://arxiv.org/abs/2111.06644v1,,"Punta Cana, Dominican Republic",Proceedings of the Fourth BlackboxNLP Workshop on Analyzing and Interpreting Neural Networks for NLP,10.18653/v1/2021.blackboxnlp-1.18,,,November,,,250--264,Association for Computational Linguistics,https://aclanthology.org/2021.blackboxnlp-1.18,,2021
11,Multilingual and Multilabel Emotion Recognition using Virtual Adversarial Training,http://arxiv.org/pdf/2111.06181v1,2021-11-11 12:47:44+00:00,http://arxiv.org/abs/2111.06181v1,,"Punta Cana, Dominican Republic",Proceedings of the 1st Workshop on Multilingual Representation Learning,10.18653/v1/2021.mrl-1.7,,,November,,,74--85,Association for Computational Linguistics,https://aclanthology.org/2021.mrl-1.7,,2021
12,CoreLM: Coreference-aware Language Model Fine-Tuning,http://arxiv.org/pdf/2111.02687v1,2021-11-04 08:44:31+00:00,http://arxiv.org/abs/2111.02687v1,,"Punta Cana, Dominican Republic","Proceedings of the Fourth Workshop on Computational Models of Reference, Anaphora and Coreference",10.18653/v1/2021.crac-1.8,,,November,,,70--81,Association for Computational Linguistics,https://aclanthology.org/2021.crac-1.8,,2021
13,LMdiff: A Visual Diff Tool to Compare Language Models,http://arxiv.org/pdf/2111.01582v1,2021-11-02 13:17:20+00:00,http://arxiv.org/abs/2111.01582v1,,"Online and Punta Cana, Dominican Republic",Proceedings of the 2021 Conference on Empirical Methods in Natural Language Processing: System Demonstrations,10.18653/v1/2021.emnlp-demo.12,,,November,,,96--105,Association for Computational Linguistics,https://aclanthology.org/2021.emnlp-demo.12,,2021
14,Diverse Distributions of Self-Supervised Tasks for Meta-Learning in NLP,http://arxiv.org/pdf/2111.01322v1,2021-11-02 01:50:09+00:00,http://arxiv.org/abs/2111.01322v1,,"Online and Punta Cana, Dominican Republic",Proceedings of the 2021 Conference on Empirical Methods in Natural Language Processing,10.18653/v1/2021.emnlp-main.469,,,November,,,5812--5824,Association for Computational Linguistics,https://aclanthology.org/2021.emnlp-main.469,,2021
15,What Went Wrong? Explaining Overall Dialogue Quality through Utterance-Level Impacts,http://arxiv.org/pdf/2111.00572v1,2021-10-31 19:12:29+00:00,http://arxiv.org/abs/2111.00572v1,,Online,Proceedings of the 3rd Workshop on Natural Language Processing for Conversational AI,10.18653/v1/2021.nlp4convai-1.9,,,November,,,93--101,Association for Computational Linguistics,https://aclanthology.org/2021.nlp4convai-1.9,,2021
16,Towards Realistic Single-Task Continuous Learning Research for NER,http://arxiv.org/pdf/2110.14694v1,2021-10-27 18:23:31+00:00,http://arxiv.org/abs/2110.14694v1,,"Punta Cana, Dominican Republic",Findings of the Association for Computational Linguistics: EMNLP 2021,10.18653/v1/2021.findings-emnlp.319,,,November,,,3773--3783,Association for Computational Linguistics,https://aclanthology.org/2021.findings-emnlp.319,,2021
17,IndoNLI: A Natural Language Inference Dataset for Indonesian,http://arxiv.org/pdf/2110.14566v1,2021-10-27 16:37:13+00:00,http://arxiv.org/abs/2110.14566v1,,"Online and Punta Cana, Dominican Republic",Proceedings of the 2021 Conference on Empirical Methods in Natural Language Processing,10.18653/v1/2021.emnlp-main.821,,,November,,,10511--10527,Association for Computational Linguistics,https://aclanthology.org/2021.emnlp-main.821,,2021
18,Automated Extraction of Sentencing Decisions from Court Cases in the Hebrew Language,http://arxiv.org/pdf/2110.12383v1,2021-10-24 08:01:41+00:00,http://arxiv.org/abs/2110.12383v1,,"Punta Cana, Dominican Republic",Proceedings of the Natural Legal Language Processing Workshop 2021,10.18653/v1/2021.nllp-1.4,,,November,,,36--45,Association for Computational Linguistics,https://aclanthology.org/2021.nllp-1.4,,2021
19,Cleaning Dirty Books: Post-OCR Processing for Previously Scanned Texts,http://arxiv.org/pdf/2110.11934v1,2021-10-22 17:33:17+00:00,http://arxiv.org/abs/2110.11934v1,,"Punta Cana, Dominican Republic",Findings of the Association for Computational Linguistics: EMNLP 2021,10.18653/v1/2021.findings-emnlp.356,,,November,,,4217--4226,Association for Computational Linguistics,https://aclanthology.org/2021.findings-emnlp.356,,2021
20,LMSOC: An Approach for Socially Sensitive Pretraining,http://arxiv.org/pdf/2110.10319v1,2021-10-20 00:10:37+00:00,http://arxiv.org/abs/2110.10319v1,,"Punta Cana, Dominican Republic",Findings of the Association for Computational Linguistics: EMNLP 2021,10.18653/v1/2021.findings-emnlp.254,,,November,,,2967--2975,Association for Computational Linguistics,https://aclanthology.org/2021.findings-emnlp.254,,2021
21,Idiomatic Expression Identification using Semantic Compatibility,http://arxiv.org/pdf/2110.10064v1,2021-10-19 15:44:28+00:00,http://arxiv.org/abs/2110.10064v1,,"Cambridge, MA",,10.1162/tacl_a_00442,Transactions of the Association for Computational Linguistics,,,,,1546--1562,MIT Press,https://aclanthology.org/2021.tacl-1.92,9.0,2021
22,Identifying Causal Influences on Publication Trends and Behavior: A Case Study of the Computational Linguistics Community,http://arxiv.org/pdf/2110.07938v1,2021-10-15 08:36:13+00:00,http://arxiv.org/abs/2110.07938v1,,"Punta Cana, Dominican Republic",Proceedings of the First Workshop on Causal Inference and NLP,10.18653/v1/2021.cinlp-1.7,,,November,,,83--94,Association for Computational Linguistics,https://aclanthology.org/2021.cinlp-1.7,,2021
23,RAP: Robustness-Aware Perturbations for Defending against Backdoor Attacks on NLP Models,http://arxiv.org/pdf/2110.07831v1,2021-10-15 03:09:26+00:00,http://arxiv.org/abs/2110.07831v1,,"Online and Punta Cana, Dominican Republic",Proceedings of the 2021 Conference on Empirical Methods in Natural Language Processing,10.18653/v1/2021.emnlp-main.659,,,November,,,8365--8381,Association for Computational Linguistics,https://aclanthology.org/2021.emnlp-main.659,,2021
24,Understanding Model Robustness to User-generated Noisy Texts,http://arxiv.org/pdf/2110.07428v2,2021-10-14 14:54:52+00:00,http://arxiv.org/abs/2110.07428v2,,Online,Proceedings of the Seventh Workshop on Noisy User-generated Text (W-NUT 2021),10.18653/v1/2021.wnut-1.38,,,November,,,340--350,Association for Computational Linguistics,https://aclanthology.org/2021.wnut-1.38,,2021
25,WMDecompose: A Framework for Leveraging the Interpretable Properties of Word Mover's Distance in Sociocultural Analysis,http://arxiv.org/pdf/2110.07330v1,2021-10-14 13:04:38+00:00,http://arxiv.org/abs/2110.07330v1,,"Punta Cana, Dominican Republic (online)","Proceedings of the 5th Joint SIGHUM Workshop on Computational Linguistics for Cultural Heritage, Social Sciences, Humanities and Literature",10.18653/v1/2021.latechclfl-1.18,,,November,,,154--167,Association for Computational Linguistics,https://aclanthology.org/2021.latechclfl-1.18,,2021
26,Transformer over Pre-trained Transformer for Neural Text Segmentation with Enhanced Topic Coherence,http://arxiv.org/pdf/2110.07160v1,2021-10-14 05:26:39+00:00,http://arxiv.org/abs/2110.07160v1,,"Punta Cana, Dominican Republic",Findings of the Association for Computational Linguistics: EMNLP 2021,10.18653/v1/2021.findings-emnlp.283,,,November,,,3334--3340,Association for Computational Linguistics,https://aclanthology.org/2021.findings-emnlp.283,,2021
27,Mind the Style of Text! Adversarial and Backdoor Attacks Based on Text Style Transfer,http://arxiv.org/pdf/2110.07139v1,2021-10-14 03:54:16+00:00,http://arxiv.org/abs/2110.07139v1,,"Online and Punta Cana, Dominican Republic",Proceedings of the 2021 Conference on Empirical Methods in Natural Language Processing,10.18653/v1/2021.emnlp-main.374,,,November,,,4569--4580,Association for Computational Linguistics,https://aclanthology.org/2021.emnlp-main.374,,2021
28,Investigating the Effect of Natural Language Explanations on Out-of-Distribution Generalization in Few-shot NLI,http://arxiv.org/pdf/2110.06223v1,2021-10-12 18:00:02+00:00,http://arxiv.org/abs/2110.06223v1,,"Online and Punta Cana, Dominican Republic",Proceedings of the Second Workshop on Insights from Negative Results in NLP,10.18653/v1/2021.insights-1.17,,,November,,,117--124,Association for Computational Linguistics,https://aclanthology.org/2021.insights-1.17,,2021
29,On Releasing Annotator-Level Labels and Information in Datasets,http://arxiv.org/pdf/2110.05699v1,2021-10-12 02:35:45+00:00,http://arxiv.org/abs/2110.05699v1,,"Punta Cana, Dominican Republic",Proceedings of The Joint 15th Linguistic Annotation Workshop (LAW) and 3rd Designing Meaning Representations (DMR) Workshop,10.18653/v1/2021.law-1.14,,,November,,,133--138,Association for Computational Linguistics,https://aclanthology.org/2021.law-1.14,,2021
30,Calibrate your listeners! Robust communication-based training for pragmatic speakers,http://arxiv.org/pdf/2110.05422v1,2021-10-11 17:07:38+00:00,http://arxiv.org/abs/2110.05422v1,,"Punta Cana, Dominican Republic",Findings of the Association for Computational Linguistics: EMNLP 2021,10.18653/v1/2021.findings-emnlp.83,,,November,,,977--984,Association for Computational Linguistics,https://aclanthology.org/2021.findings-emnlp.83,,2021
31,TEET! Tunisian Dataset for Toxic Speech Detection,http://arxiv.org/pdf/2110.05287v1,2021-10-11 14:00:08+00:00,http://arxiv.org/abs/2110.05287v1,,"Punta Cana, Dominican Republic",Proceedings of the Fifth Workshop on Widening Natural Language Processing,,,,November,,,5--17,Association for Computational Linguistics,https://aclanthology.org/2021.winlp-1.2,,2021
32,Learning to Learn End-to-End Goal-Oriented Dialog From Related Dialog Tasks,http://arxiv.org/pdf/2110.15724v1,2021-10-10 15:27:45+00:00,http://arxiv.org/abs/2110.15724v1,,Online,Proceedings of the 3rd Workshop on Natural Language Processing for Conversational AI,10.18653/v1/2021.nlp4convai-1.16,,,November,,,163--178,Association for Computational Linguistics,https://aclanthology.org/2021.nlp4convai-1.16,,2021
33,Detecting Community Sensitive Norm Violations in Online Conversations,http://arxiv.org/pdf/2110.04419v1,2021-10-09 00:39:35+00:00,http://arxiv.org/abs/2110.04419v1,,"Punta Cana, Dominican Republic",Findings of the Association for Computational Linguistics: EMNLP 2021,10.18653/v1/2021.findings-emnlp.288,,,November,,,3386--3397,Association for Computational Linguistics,https://aclanthology.org/2021.findings-emnlp.288,,2021
34,The Eval4NLP Shared Task on Explainable Quality Estimation: Overview and Results,http://arxiv.org/pdf/2110.04392v1,2021-10-08 21:57:08+00:00,http://arxiv.org/abs/2110.04392v1,,"Punta Cana, Dominican Republic",Proceedings of the 2nd Workshop on Evaluation and Comparison of NLP Systems,10.18653/v1/2021.eval4nlp-1.17,,,November,,,165--178,Association for Computational Linguistics,https://aclanthology.org/2021.eval4nlp-1.17,,2021
35,UoB at SemEval-2021 Task 5: Extending Pre-Trained Language Models to Include Task and Domain-Specific Information for Toxic Span Prediction,http://arxiv.org/pdf/2110.03730v1,2021-10-07 18:29:06+00:00,http://arxiv.org/abs/2110.03730v1,,Online,Proceedings of the 15th International Workshop on Semantic Evaluation (SemEval-2021),10.18653/v1/2021.semeval-1.28,,,August,,,243--248,Association for Computational Linguistics,https://aclanthology.org/2021.semeval-1.28,,2021
36,Causal Direction of Data Collection Matters: Implications of Causal and Anticausal Learning for NLP,http://arxiv.org/pdf/2110.03618v2,2021-10-07 16:56:17+00:00,http://arxiv.org/abs/2110.03618v2,,"Online and Punta Cana, Dominican Republic",Proceedings of the 2021 Conference on Empirical Methods in Natural Language Processing,10.18653/v1/2021.emnlp-main.748,,,November,,,9499--9513,Association for Computational Linguistics,https://aclanthology.org/2021.emnlp-main.748,,2021
37,Influence Tuning: Demoting Spurious Correlations via Instance Attribution and Instance-Driven Updates,http://arxiv.org/pdf/2110.03212v1,2021-10-07 06:59:46+00:00,http://arxiv.org/abs/2110.03212v1,,"Punta Cana, Dominican Republic",Findings of the Association for Computational Linguistics: EMNLP 2021,10.18653/v1/2021.findings-emnlp.374,,,November,,,4398--4409,Association for Computational Linguistics,https://aclanthology.org/2021.findings-emnlp.374,,2021
38,The Low-Resource Double Bind: An Empirical Study of Pruning for Low-Resource Machine Translation,http://arxiv.org/pdf/2110.03036v1,2021-10-06 19:48:18+00:00,http://arxiv.org/abs/2110.03036v1,,"Punta Cana, Dominican Republic",Findings of the Association for Computational Linguistics: EMNLP 2021,10.18653/v1/2021.findings-emnlp.282,,,November,,,3316--3333,Association for Computational Linguistics,https://aclanthology.org/2021.findings-emnlp.282,,2021
39,Sequence-to-Sequence Lexical Normalization with Multilingual Transformers,http://arxiv.org/pdf/2110.02869v3,2021-10-06 15:53:20+00:00,http://arxiv.org/abs/2110.02869v3,,Online,Proceedings of the Seventh Workshop on Noisy User-generated Text (W-NUT 2021),10.18653/v1/2021.wnut-1.53,,,November,,,473--482,Association for Computational Linguistics,https://aclanthology.org/2021.wnut-1.53,,2021
40,Improving Real-time Score Following in Opera by Combining Music with Lyrics Tracking,http://arxiv.org/pdf/2110.02592v1,2021-10-06 08:58:04+00:00,http://arxiv.org/abs/2110.02592v1,,Online,Proceedings of the 2nd Workshop on NLP for Music and Spoken Audio (NLP4MusA),,,,November,,,1--5,Association for Computational Linguistics,https://aclanthology.org/2021.nlp4musa-1.1,,2021
41,Exploiting Twitter as Source of Large Corpora of Weakly Similar Pairs for Semantic Sentence Embeddings,http://arxiv.org/pdf/2110.02030v1,2021-10-05 13:21:40+00:00,http://arxiv.org/abs/2110.02030v1,,"Online and Punta Cana, Dominican Republic",Proceedings of the 2021 Conference on Empirical Methods in Natural Language Processing,10.18653/v1/2021.emnlp-main.780,,,November,,,9902--9910,Association for Computational Linguistics,https://aclanthology.org/2021.emnlp-main.780,,2021
42,Privacy enabled Financial Text Classification using Differential Privacy and Federated Learning,http://arxiv.org/pdf/2110.01643v1,2021-10-04 18:15:32+00:00,http://arxiv.org/abs/2110.01643v1,,"Punta Cana, Dominican Republic",Proceedings of the Third Workshop on Economics and Natural Language Processing,10.18653/v1/2021.econlp-1.7,,,November,,,50--55,Association for Computational Linguistics,https://aclanthology.org/2021.econlp-1.7,,2021
43,Project Debater APIs: Decomposing the AI Grand Challenge,http://arxiv.org/pdf/2110.01029v1,2021-10-03 15:50:32+00:00,http://arxiv.org/abs/2110.01029v1,,"Online and Punta Cana, Dominican Republic",Proceedings of the 2021 Conference on Empirical Methods in Natural Language Processing: System Demonstrations,10.18653/v1/2021.emnlp-demo.31,,,November,,,267--274,Association for Computational Linguistics,https://aclanthology.org/2021.emnlp-demo.31,,2021
44,Music Playlist Title Generation: A Machine-Translation Approach,http://arxiv.org/pdf/2110.07354v1,2021-10-03 04:39:39+00:00,http://arxiv.org/abs/2110.07354v1,,Online,Proceedings of the 2nd Workshop on NLP for Music and Spoken Audio (NLP4MusA),,,,November,,,27--31,Association for Computational Linguistics,https://aclanthology.org/2021.nlp4musa-1.6,,2021
45,Expected Validation Performance and Estimation of a Random Variable's Maximum,http://arxiv.org/pdf/2110.00613v1,2021-10-01 18:48:47+00:00,http://arxiv.org/abs/2110.00613v1,,"Punta Cana, Dominican Republic",Findings of the Association for Computational Linguistics: EMNLP 2021,10.18653/v1/2021.findings-emnlp.342,,,November,,,4066--4073,Association for Computational Linguistics,https://aclanthology.org/2021.findings-emnlp.342,,2021
46,Unpacking the Interdependent Systems of Discrimination: Ableist Bias in NLP Systems through an Intersectional Lens,http://arxiv.org/pdf/2110.00521v1,2021-10-01 16:40:58+00:00,http://arxiv.org/abs/2110.00521v1,,"Punta Cana, Dominican Republic",Findings of the Association for Computational Linguistics: EMNLP 2021,10.18653/v1/2021.findings-emnlp.267,,,November,,,3116--3123,Association for Computational Linguistics,https://aclanthology.org/2021.findings-emnlp.267,,2021
47,Multi-granular Legal Topic Classification on Greek Legislation,http://arxiv.org/pdf/2109.15298v1,2021-09-30 17:43:00+00:00,http://arxiv.org/abs/2109.15298v1,,"Punta Cana, Dominican Republic",Proceedings of the Natural Legal Language Processing Workshop 2021,10.18653/v1/2021.nllp-1.6,,,November,,,63--75,Association for Computational Linguistics,https://aclanthology.org/2021.nllp-1.6,,2021
48,EDGAR-CORPUS: Billions of Tokens Make The World Go Round,http://arxiv.org/pdf/2109.14394v2,2021-09-29 12:56:20+00:00,http://arxiv.org/abs/2109.14394v2,,"Punta Cana, Dominican Republic",Proceedings of the Third Workshop on Economics and Natural Language Processing,10.18653/v1/2021.econlp-1.2,,,November,,,13--18,Association for Computational Linguistics,https://aclanthology.org/2021.econlp-1.2,,2021
49,Improving Dialogue State Tracking by Joint Slot Modeling,http://arxiv.org/pdf/2109.14144v2,2021-09-29 02:25:39+00:00,http://arxiv.org/abs/2109.14144v2,,Online,Proceedings of the 3rd Workshop on Natural Language Processing for Conversational AI,10.18653/v1/2021.nlp4convai-1.15,,,November,,,155--162,Association for Computational Linguistics,https://aclanthology.org/2021.nlp4convai-1.15,,2021
50,Marked Attribute Bias in Natural Language Inference,http://arxiv.org/pdf/2109.14039v1,2021-09-28 20:45:02+00:00,http://arxiv.org/abs/2109.14039v1,,Online,Findings of the Association for Computational Linguistics: ACL-IJCNLP 2021,10.18653/v1/2021.findings-acl.369,,,August,,,4214--4226,Association for Computational Linguistics,https://aclanthology.org/2021.findings-acl.369,,2021
51,Shaking Syntactic Trees on the Sesame Street: Multilingual Probing with Controllable Perturbations,http://arxiv.org/pdf/2109.14017v1,2021-09-28 20:15:29+00:00,http://arxiv.org/abs/2109.14017v1,,"Punta Cana, Dominican Republic",Proceedings of the 1st Workshop on Multilingual Representation Learning,10.18653/v1/2021.mrl-1.17,,,November,,,191--210,Association for Computational Linguistics,https://aclanthology.org/2021.mrl-1.17,,2021
52,Text Simplification for Comprehension-based Question-Answering,http://arxiv.org/pdf/2109.13984v1,2021-09-28 18:48:00+00:00,http://arxiv.org/abs/2109.13984v1,,Online,Proceedings of the Seventh Workshop on Noisy User-generated Text (W-NUT 2021),10.18653/v1/2021.wnut-1.1,,,November,,,1--10,Association for Computational Linguistics,https://aclanthology.org/2021.wnut-1.1,,2021
53,Single-dataset Experts for Multi-dataset Question Answering,http://arxiv.org/pdf/2109.13880v1,2021-09-28 17:08:22+00:00,http://arxiv.org/abs/2109.13880v1,,"Online and Punta Cana, Dominican Republic",Proceedings of the 2021 Conference on Empirical Methods in Natural Language Processing,10.18653/v1/2021.emnlp-main.495,,,November,,,6128--6137,Association for Computational Linguistics,https://aclanthology.org/2021.emnlp-main.495,,2021
54,Using Pause Information for More Accurate Entity Recognition,http://arxiv.org/pdf/2109.13222v1,2021-09-27 17:47:21+00:00,http://arxiv.org/abs/2109.13222v1,,Online,Proceedings of the 3rd Workshop on Natural Language Processing for Conversational AI,10.18653/v1/2021.nlp4convai-1.22,,,November,,,243--250,Association for Computational Linguistics,https://aclanthology.org/2021.nlp4convai-1.22,,2021
55,Pragmatic competence of pre-trained language models through the lens of discourse connectives,http://arxiv.org/pdf/2109.12951v1,2021-09-27 11:04:41+00:00,http://arxiv.org/abs/2109.12951v1,,Online,Proceedings of the 25th Conference on Computational Natural Language Learning,10.18653/v1/2021.conll-1.29,,,November,,,367--379,Association for Computational Linguistics,https://aclanthology.org/2021.conll-1.29,,2021
56,Learning to Selectively Learn for Weakly-supervised Paraphrase Generation,http://arxiv.org/pdf/2109.12457v1,2021-09-25 23:31:13+00:00,http://arxiv.org/abs/2109.12457v1,,"Online and Punta Cana, Dominican Republic",Proceedings of the 2021 Conference on Empirical Methods in Natural Language Processing,10.18653/v1/2021.emnlp-main.480,,,November,,,5930--5940,Association for Computational Linguistics,https://aclanthology.org/2021.emnlp-main.480,,2021
57,Coreference Resolution for the Biomedical Domain: A Survey,http://arxiv.org/pdf/2109.12424v1,2021-09-25 19:09:47+00:00,http://arxiv.org/abs/2109.12424v1,,"Punta Cana, Dominican Republic","Proceedings of the Fourth Workshop on Computational Models of Reference, Anaphora and Coreference",10.18653/v1/2021.crac-1.2,,,November,,,12--23,Association for Computational Linguistics,https://aclanthology.org/2021.crac-1.2,,2021
58,Sorting through the noise: Testing robustness of information processing in pre-trained language models,http://arxiv.org/pdf/2109.12393v1,2021-09-25 16:02:23+00:00,http://arxiv.org/abs/2109.12393v1,,"Online and Punta Cana, Dominican Republic",Proceedings of the 2021 Conference on Empirical Methods in Natural Language Processing,10.18653/v1/2021.emnlp-main.119,,,November,,,1583--1596,Association for Computational Linguistics,https://aclanthology.org/2021.emnlp-main.119,,2021
59,An animated picture says at least a thousand words: Selecting Gif-based Replies in Multimodal Dialog,http://arxiv.org/pdf/2109.12212v2,2021-09-24 21:48:27+00:00,http://arxiv.org/abs/2109.12212v2,,"Punta Cana, Dominican Republic",Findings of the Association for Computational Linguistics: EMNLP 2021,10.18653/v1/2021.findings-emnlp.276,,,November,,,3228--3257,Association for Computational Linguistics,https://aclanthology.org/2021.findings-emnlp.276,,2021
60,Style Control for Schema-Guided Natural Language Generation,http://arxiv.org/pdf/2109.12211v1,2021-09-24 21:47:58+00:00,http://arxiv.org/abs/2109.12211v1,,Online,Proceedings of the 3rd Workshop on Natural Language Processing for Conversational AI,10.18653/v1/2021.nlp4convai-1.21,,,November,,,228--242,Association for Computational Linguistics,https://aclanthology.org/2021.nlp4convai-1.21,,2021
61,Separating Retention from Extraction in the Evaluation of End-to-end Relation Extraction,http://arxiv.org/pdf/2109.12008v1,2021-09-24 15:04:39+00:00,http://arxiv.org/abs/2109.12008v1,,"Online and Punta Cana, Dominican Republic",Proceedings of the 2021 Conference on Empirical Methods in Natural Language Processing,10.18653/v1/2021.emnlp-main.816,,,November,,,10438--10449,Association for Computational Linguistics,https://aclanthology.org/2021.emnlp-main.816,,2021
62,The Current State of Finnish NLP,http://arxiv.org/pdf/2109.11326v1,2021-09-23 12:19:56+00:00,http://arxiv.org/abs/2109.11326v1,,"Syktyvkar, Russia (Online)",Proceedings of the Seventh International Workshop on Computational Linguistics of Uralic Languages,,,,September,,,65--72,Association for Computational Linguistics,https://aclanthology.org/2021.iwclul-1.8,,2021
63,ParaShoot: A Hebrew Question Answering Dataset,http://arxiv.org/pdf/2109.11314v1,2021-09-23 11:59:38+00:00,http://arxiv.org/abs/2109.11314v1,,"Punta Cana, Dominican Republic",Proceedings of the 3rd Workshop on Machine Reading for Question Answering,10.18653/v1/2021.mrqa-1.11,,,November,,,106--112,Association for Computational Linguistics,https://aclanthology.org/2021.mrqa-1.11,,2021
64,Distiller: A Systematic Study of Model Distillation Methods in Natural Language Processing,http://arxiv.org/pdf/2109.11105v1,2021-09-23 02:12:28+00:00,http://arxiv.org/abs/2109.11105v1,,Virtual,Proceedings of the Second Workshop on Simple and Efficient Natural Language Processing,10.18653/v1/2021.sustainlp-1.13,,,November,,,119--133,Association for Computational Linguistics,https://aclanthology.org/2021.sustainlp-1.13,,2021
65,Role of Language Relatedness in Multilingual Fine-tuning of Language Models: A Case Study in Indo-Aryan Languages,http://arxiv.org/pdf/2109.10534v1,2021-09-22 06:37:39+00:00,http://arxiv.org/abs/2109.10534v1,,"Online and Punta Cana, Dominican Republic",Proceedings of the 2021 Conference on Empirical Methods in Natural Language Processing,10.18653/v1/2021.emnlp-main.675,,,November,,,8584--8595,Association for Computational Linguistics,https://aclanthology.org/2021.emnlp-main.675,,2021
66,Unsupervised Contextualized Document Representation,http://arxiv.org/pdf/2109.10509v1,2021-09-22 03:56:33+00:00,http://arxiv.org/abs/2109.10509v1,,Virtual,Proceedings of the Second Workshop on Simple and Efficient Natural Language Processing,10.18653/v1/2021.sustainlp-1.17,,,November,,,166--173,Association for Computational Linguistics,https://aclanthology.org/2021.sustainlp-1.17,,2021
67,Fairness-aware Class Imbalanced Learning,http://arxiv.org/pdf/2109.10444v1,2021-09-21 22:16:30+00:00,http://arxiv.org/abs/2109.10444v1,,"Online and Punta Cana, Dominican Republic",Proceedings of the 2021 Conference on Empirical Methods in Natural Language Processing,10.18653/v1/2021.emnlp-main.155,,,November,,,2045--2051,Association for Computational Linguistics,https://aclanthology.org/2021.emnlp-main.155,,2021
68,Evaluating Debiasing Techniques for Intersectional Biases,http://arxiv.org/pdf/2109.10441v1,2021-09-21 22:01:28+00:00,http://arxiv.org/abs/2109.10441v1,,"Online and Punta Cana, Dominican Republic",Proceedings of the 2021 Conference on Empirical Methods in Natural Language Processing,10.18653/v1/2021.emnlp-main.193,,,November,,,2492--2498,Association for Computational Linguistics,https://aclanthology.org/2021.emnlp-main.193,,2021
69,What Would it Take to get Biomedical QA Systems into Practice?,http://arxiv.org/pdf/2109.10415v1,2021-09-21 19:39:42+00:00,http://arxiv.org/abs/2109.10415v1,,"Punta Cana, Dominican Republic",Proceedings of the 3rd Workshop on Machine Reading for Question Answering,10.18653/v1/2021.mrqa-1.3,,,November,,,28--41,Association for Computational Linguistics,https://aclanthology.org/2021.mrqa-1.3,,2021
70,Does Vision-and-Language Pretraining Improve Lexical Grounding?,http://arxiv.org/pdf/2109.10246v1,2021-09-21 15:12:39+00:00,http://arxiv.org/abs/2109.10246v1,,"Punta Cana, Dominican Republic",Findings of the Association for Computational Linguistics: EMNLP 2021,10.18653/v1/2021.findings-emnlp.370,,,November,,,4357--4366,Association for Computational Linguistics,https://aclanthology.org/2021.findings-emnlp.370,,2021
71,BERTweetFR : Domain Adaptation of Pre-Trained Language Models for French Tweets,http://arxiv.org/pdf/2109.10234v1,2021-09-21 15:00:41+00:00,http://arxiv.org/abs/2109.10234v1,,Online,Proceedings of the Seventh Workshop on Noisy User-generated Text (W-NUT 2021),10.18653/v1/2021.wnut-1.49,,,November,,,445--450,Association for Computational Linguistics,https://aclanthology.org/2021.wnut-1.49,,2021
72,Blindness to Modality Helps Entailment Graph Mining,http://arxiv.org/pdf/2109.10227v1,2021-09-21 14:48:03+00:00,http://arxiv.org/abs/2109.10227v1,,"Online and Punta Cana, Dominican Republic",Proceedings of the Second Workshop on Insights from Negative Results in NLP,10.18653/v1/2021.insights-1.16,,,November,,,110--116,Association for Computational Linguistics,https://aclanthology.org/2021.insights-1.16,,2021
73,On the Difficulty of Segmenting Words with Attention,http://arxiv.org/pdf/2109.10107v1,2021-09-21 11:37:08+00:00,http://arxiv.org/abs/2109.10107v1,,"Online and Punta Cana, Dominican Republic",Proceedings of the Second Workshop on Insights from Negative Results in NLP,10.18653/v1/2021.insights-1.11,,,November,,,67--73,Association for Computational Linguistics,https://aclanthology.org/2021.insights-1.11,,2021
74,NADE: A Benchmark for Robust Adverse Drug Events Extraction in Face of Negations,http://arxiv.org/pdf/2109.10080v2,2021-09-21 10:33:29+00:00,http://arxiv.org/abs/2109.10080v2,,Online,Proceedings of the Seventh Workshop on Noisy User-generated Text (W-NUT 2021),10.18653/v1/2021.wnut-1.26,,,November,,,230--237,Association for Computational Linguistics,https://aclanthology.org/2021.wnut-1.26,,2021
75,Modality and Negation in Event Extraction,http://arxiv.org/pdf/2109.09393v1,2021-09-20 09:39:23+00:00,http://arxiv.org/abs/2109.09393v1,,Online,Proceedings of the 4th Workshop on Challenges and Applications of Automated Extraction of Socio-political Events from Text (CASE 2021),10.18653/v1/2021.case-1.6,,,August,,,31--42,Association for Computational Linguistics,https://aclanthology.org/2021.case-1.6,,2021
76,Training Dynamic based data filtering may not work for NLP datasets,http://arxiv.org/pdf/2109.09191v1,2021-09-19 18:50:45+00:00,http://arxiv.org/abs/2109.09191v1,,"Punta Cana, Dominican Republic",Proceedings of the Fourth BlackboxNLP Workshop on Analyzing and Interpreting Neural Networks for NLP,10.18653/v1/2021.blackboxnlp-1.22,,,November,,,296--302,Association for Computational Linguistics,https://aclanthology.org/2021.blackboxnlp-1.22,,2021
77,Classification-based Quality Estimation: Small and Efficient Models for Real-world Applications,http://arxiv.org/pdf/2109.08627v1,2021-09-17 16:14:52+00:00,http://arxiv.org/abs/2109.08627v1,,"Online and Punta Cana, Dominican Republic",Proceedings of the 2021 Conference on Empirical Methods in Natural Language Processing,10.18653/v1/2021.emnlp-main.474,,,November,,,5865--5875,Association for Computational Linguistics,https://aclanthology.org/2021.emnlp-main.474,,2021
78,Does Commonsense help in detecting Sarcasm?,http://arxiv.org/pdf/2109.08588v1,2021-09-17 15:07:38+00:00,http://arxiv.org/abs/2109.08588v1,,"Online and Punta Cana, Dominican Republic",Proceedings of the Second Workshop on Insights from Negative Results in NLP,10.18653/v1/2021.insights-1.2,,,November,,,9--15,Association for Computational Linguistics,https://aclanthology.org/2021.insights-1.2,,2021
79,Simple Entity-Centric Questions Challenge Dense Retrievers,http://arxiv.org/pdf/2109.08535v3,2021-09-17 13:19:03+00:00,http://arxiv.org/abs/2109.08535v3,,"Online and Punta Cana, Dominican Republic",Proceedings of the 2021 Conference on Empirical Methods in Natural Language Processing,10.18653/v1/2021.emnlp-main.496,,,November,,,6138--6148,Association for Computational Linguistics,https://aclanthology.org/2021.emnlp-main.496,,2021
80,Numerical reasoning in machine reading comprehension tasks: are we there yet?,http://arxiv.org/pdf/2109.08207v1,2021-09-16 20:13:56+00:00,http://arxiv.org/abs/2109.08207v1,,"Online and Punta Cana, Dominican Republic",Proceedings of the 2021 Conference on Empirical Methods in Natural Language Processing,10.18653/v1/2021.emnlp-main.759,,,November,,,9643--9649,Association for Computational Linguistics,https://aclanthology.org/2021.emnlp-main.759,,2021
81,"Phrase Retrieval Learns Passage Retrieval, Too",http://arxiv.org/pdf/2109.08133v1,2021-09-16 17:42:45+00:00,http://arxiv.org/abs/2109.08133v1,,"Online and Punta Cana, Dominican Republic",Proceedings of the 2021 Conference on Empirical Methods in Natural Language Processing,10.18653/v1/2021.emnlp-main.297,,,November,,,3661--3672,Association for Computational Linguistics,https://aclanthology.org/2021.emnlp-main.297,,2021
82,A Survey of Online Hate Speech through the Causal Lens,http://arxiv.org/pdf/2109.08120v1,2021-09-16 17:13:55+00:00,http://arxiv.org/abs/2109.08120v1,,"Punta Cana, Dominican Republic",Proceedings of the First Workshop on Causal Inference and NLP,10.18653/v1/2021.cinlp-1.6,,,November,,,74--82,Association for Computational Linguistics,https://aclanthology.org/2021.cinlp-1.6,,2021
83,The NiuTrans System for WNGT 2020 Efficiency Task,http://arxiv.org/pdf/2109.08008v1,2021-09-16 14:32:01+00:00,http://arxiv.org/abs/2109.08008v1,,Online,Proceedings of the Fourth Workshop on Neural Generation and Translation,10.18653/v1/2020.ngt-1.24,,,July,,,204--210,Association for Computational Linguistics,https://aclanthology.org/2020.ngt-1.24,,2020
84,The Language Model Understood the Prompt was Ambiguous: Probing Syntactic Uncertainty Through Generation,http://arxiv.org/pdf/2109.07848v1,2021-09-16 10:27:05+00:00,http://arxiv.org/abs/2109.07848v1,,"Punta Cana, Dominican Republic",Proceedings of the Fourth BlackboxNLP Workshop on Analyzing and Interpreting Neural Networks for NLP,10.18653/v1/2021.blackboxnlp-1.4,,,November,,,42--57,Association for Computational Linguistics,https://aclanthology.org/2021.blackboxnlp-1.4,,2021
85,Language Models are Few-shot Multilingual Learners,http://arxiv.org/pdf/2109.07684v1,2021-09-16 03:08:22+00:00,http://arxiv.org/abs/2109.07684v1,,"Punta Cana, Dominican Republic",Proceedings of the 1st Workshop on Multilingual Representation Learning,10.18653/v1/2021.mrl-1.1,,,November,,,1--15,Association for Computational Linguistics,https://aclanthology.org/2021.mrl-1.1,,2021
86,Benchmarking Commonsense Knowledge Base Population with an Effective Evaluation Dataset,http://arxiv.org/pdf/2109.07679v1,2021-09-16 02:50:01+00:00,http://arxiv.org/abs/2109.07679v1,,"Online and Punta Cana, Dominican Republic",Proceedings of the 2021 Conference on Empirical Methods in Natural Language Processing,10.18653/v1/2021.emnlp-main.705,,,November,,,8949--8964,Association for Computational Linguistics,https://aclanthology.org/2021.emnlp-main.705,,2021
87,Text as Causal Mediators: Research Design for Causal Estimates of Differential Treatment of Social Groups via Language Aspects,http://arxiv.org/pdf/2109.07542v1,2021-09-15 19:15:35+00:00,http://arxiv.org/abs/2109.07542v1,,"Punta Cana, Dominican Republic",Proceedings of the First Workshop on Causal Inference and NLP,10.18653/v1/2021.cinlp-1.2,,,November,,,21--32,Association for Computational Linguistics,https://aclanthology.org/2021.cinlp-1.2,,2021
88,Cross-Register Projection for Headline Part of Speech Tagging,http://arxiv.org/pdf/2109.07483v1,2021-09-15 18:00:02+00:00,http://arxiv.org/abs/2109.07483v1,,"Online and Punta Cana, Dominican Republic",Proceedings of the 2021 Conference on Empirical Methods in Natural Language Processing,10.18653/v1/2021.emnlp-main.521,,,November,,,6475--6490,Association for Computational Linguistics,https://aclanthology.org/2021.emnlp-main.521,,2021
89,Efficient Domain Adaptation of Language Models via Adaptive Tokenization,http://arxiv.org/pdf/2109.07460v1,2021-09-15 17:51:27+00:00,http://arxiv.org/abs/2109.07460v1,,Virtual,Proceedings of the Second Workshop on Simple and Efficient Natural Language Processing,10.18653/v1/2021.sustainlp-1.16,,,November,,,155--165,Association for Computational Linguistics,https://aclanthology.org/2021.sustainlp-1.16,,2021
90,Comparing Text Representations: A Theory-Driven Approach,http://arxiv.org/pdf/2109.07458v1,2021-09-15 17:48:19+00:00,http://arxiv.org/abs/2109.07458v1,,"Online and Punta Cana, Dominican Republic",Proceedings of the 2021 Conference on Empirical Methods in Natural Language Processing,10.18653/v1/2021.emnlp-main.449,,,November,,,5527--5539,Association for Computational Linguistics,https://aclanthology.org/2021.emnlp-main.449,,2021
91,Challenges in Detoxifying Language Models,http://arxiv.org/pdf/2109.07445v1,2021-09-15 17:27:06+00:00,http://arxiv.org/abs/2109.07445v1,,"Punta Cana, Dominican Republic",Findings of the Association for Computational Linguistics: EMNLP 2021,10.18653/v1/2021.findings-emnlp.210,,,November,,,2447--2469,Association for Computational Linguistics,https://aclanthology.org/2021.findings-emnlp.210,,2021
92,SupCL-Seq: Supervised Contrastive Learning for Downstream Optimized Sequence Representations,http://arxiv.org/pdf/2109.07424v1,2021-09-15 16:51:18+00:00,http://arxiv.org/abs/2109.07424v1,,"Punta Cana, Dominican Republic",Findings of the Association for Computational Linguistics: EMNLP 2021,10.18653/v1/2021.findings-emnlp.289,,,November,,,3398--3403,Association for Computational Linguistics,https://aclanthology.org/2021.findings-emnlp.289,,2021
93,Sequence Length is a Domain: Length-based Overfitting in Transformer Models,http://arxiv.org/pdf/2109.07276v1,2021-09-15 13:25:19+00:00,http://arxiv.org/abs/2109.07276v1,,"Online and Punta Cana, Dominican Republic",Proceedings of the 2021 Conference on Empirical Methods in Natural Language Processing,10.18653/v1/2021.emnlp-main.650,,,November,,,8246--8257,Association for Computational Linguistics,https://aclanthology.org/2021.emnlp-main.650,,2021
94,EfficientBERT: Progressively Searching Multilayer Perceptron via Warm-up Knowledge Distillation,http://arxiv.org/pdf/2109.07222v2,2021-09-15 11:25:39+00:00,http://arxiv.org/abs/2109.07222v2,,"Punta Cana, Dominican Republic",Findings of the Association for Computational Linguistics: EMNLP 2021,10.18653/v1/2021.findings-emnlp.123,,,November,,,1424--1437,Association for Computational Linguistics,https://aclanthology.org/2021.findings-emnlp.123,,2021
95,Adversarial Mixing Policy for Relaxing Locally Linear Constraints in Mixup,http://arxiv.org/pdf/2109.07177v1,2021-09-15 09:31:59+00:00,http://arxiv.org/abs/2109.07177v1,,"Online and Punta Cana, Dominican Republic",Proceedings of the 2021 Conference on Empirical Methods in Natural Language Processing,10.18653/v1/2021.emnlp-main.238,,,November,,,2998--3008,Association for Computational Linguistics,https://aclanthology.org/2021.emnlp-main.238,,2021
96,Disentangling Generative Factors in Natural Language with Discrete Variational Autoencoders,http://arxiv.org/pdf/2109.07169v1,2021-09-15 09:10:05+00:00,http://arxiv.org/abs/2109.07169v1,,"Punta Cana, Dominican Republic",Findings of the Association for Computational Linguistics: EMNLP 2021,10.18653/v1/2021.findings-emnlp.301,,,November,,,3547--3556,Association for Computational Linguistics,https://aclanthology.org/2021.findings-emnlp.301,,2021
97,Can Language Models be Biomedical Knowledge Bases?,http://arxiv.org/pdf/2109.07154v1,2021-09-15 08:34:56+00:00,http://arxiv.org/abs/2109.07154v1,,"Online and Punta Cana, Dominican Republic",Proceedings of the 2021 Conference on Empirical Methods in Natural Language Processing,10.18653/v1/2021.emnlp-main.388,,,November,,,4723--4734,Association for Computational Linguistics,https://aclanthology.org/2021.emnlp-main.388,,2021
98,How Does Counterfactually Augmented Data Impact Models for Social Computing Constructs?,http://arxiv.org/pdf/2109.07022v1,2021-09-14 23:46:39+00:00,http://arxiv.org/abs/2109.07022v1,,"Online and Punta Cana, Dominican Republic",Proceedings of the 2021 Conference on Empirical Methods in Natural Language Processing,10.18653/v1/2021.emnlp-main.28,,,November,,,325--344,Association for Computational Linguistics,https://aclanthology.org/2021.emnlp-main.28,,2021
99,Searching for More Efficient Dynamic Programs,http://arxiv.org/pdf/2109.06966v1,2021-09-14 20:52:55+00:00,http://arxiv.org/abs/2109.06966v1,,"Punta Cana, Dominican Republic",Findings of the Association for Computational Linguistics: EMNLP 2021,10.18653/v1/2021.findings-emnlp.322,,,November,,,3812--3830,Association for Computational Linguistics,https://aclanthology.org/2021.findings-emnlp.322,,2021
100,The Stem Cell Hypothesis: Dilemma behind Multi-Task Learning with Transformer Encoders,http://arxiv.org/pdf/2109.06939v1,2021-09-14 19:32:11+00:00,http://arxiv.org/abs/2109.06939v1,,"Online and Punta Cana, Dominican Republic",Proceedings of the 2021 Conference on Empirical Methods in Natural Language Processing,10.18653/v1/2021.emnlp-main.451,,,November,,,5555--5577,Association for Computational Linguistics,https://aclanthology.org/2021.emnlp-main.451,,2021
101,Task-adaptive Pre-training and Self-training are Complementary for Natural Language Understanding,http://arxiv.org/pdf/2109.06466v1,2021-09-14 06:24:28+00:00,http://arxiv.org/abs/2109.06466v1,,"Punta Cana, Dominican Republic",Findings of the Association for Computational Linguistics: EMNLP 2021,10.18653/v1/2021.findings-emnlp.86,,,November,,,1006--1015,Association for Computational Linguistics,https://aclanthology.org/2021.findings-emnlp.86,,2021
102,Rationales for Sequential Predictions,http://arxiv.org/pdf/2109.06387v2,2021-09-14 01:25:15+00:00,http://arxiv.org/abs/2109.06387v2,,"Online and Punta Cana, Dominican Republic",Proceedings of the 2021 Conference on Empirical Methods in Natural Language Processing,10.18653/v1/2021.emnlp-main.807,,,November,,,10314--10332,Association for Computational Linguistics,https://aclanthology.org/2021.emnlp-main.807,,2021
103,Graph Algorithms for Multiparallel Word Alignment,http://arxiv.org/pdf/2109.06283v1,2021-09-13 19:40:29+00:00,http://arxiv.org/abs/2109.06283v1,,"Online and Punta Cana, Dominican Republic",Proceedings of the 2021 Conference on Empirical Methods in Natural Language Processing,10.18653/v1/2021.emnlp-main.665,,,November,,,8457--8469,Association for Computational Linguistics,https://aclanthology.org/2021.emnlp-main.665,,2021
104,STraTA: Self-Training with Task Augmentation for Better Few-shot Learning,http://arxiv.org/pdf/2109.06270v1,2021-09-13 19:14:01+00:00,http://arxiv.org/abs/2109.06270v1,,"Online and Punta Cana, Dominican Republic",Proceedings of the 2021 Conference on Empirical Methods in Natural Language Processing,10.18653/v1/2021.emnlp-main.462,,,November,,,5715--5731,Association for Computational Linguistics,https://aclanthology.org/2021.emnlp-main.462,,2021
105,On Language Models for Creoles,http://arxiv.org/pdf/2109.06074v1,2021-09-13 15:51:15+00:00,http://arxiv.org/abs/2109.06074v1,,Online,Proceedings of the 25th Conference on Computational Natural Language Learning,10.18653/v1/2021.conll-1.5,,,November,,,58--71,Association for Computational Linguistics,https://aclanthology.org/2021.conll-1.5,,2021
106,Exploring a Unified Sequence-To-Sequence Transformer for Medical Product Safety Monitoring in Social Media,http://arxiv.org/pdf/2109.05815v1,2021-09-13 09:37:39+00:00,http://arxiv.org/abs/2109.05815v1,,"Punta Cana, Dominican Republic",Findings of the Association for Computational Linguistics: EMNLP 2021,10.18653/v1/2021.findings-emnlp.300,,,November,,,3534--3546,Association for Computational Linguistics,https://aclanthology.org/2021.findings-emnlp.300,,2021
107,Mitigating Language-Dependent Ethnic Bias in BERT,http://arxiv.org/pdf/2109.05704v2,2021-09-13 04:52:41+00:00,http://arxiv.org/abs/2109.05704v2,,"Online and Punta Cana, Dominican Republic",Proceedings of the 2021 Conference on Empirical Methods in Natural Language Processing,10.18653/v1/2021.emnlp-main.42,,,November,,,533--549,Association for Computational Linguistics,https://aclanthology.org/2021.emnlp-main.42,,2021
108,FLiText: A Faster and Lighter Semi-Supervised Text Classification with Convolution Networks,http://arxiv.org/pdf/2110.11869v1,2021-09-12 09:05:35+00:00,http://arxiv.org/abs/2110.11869v1,,"Online and Punta Cana, Dominican Republic",Proceedings of the 2021 Conference on Empirical Methods in Natural Language Processing,10.18653/v1/2021.emnlp-main.192,,,November,,,2481--2491,Association for Computational Linguistics,https://aclanthology.org/2021.emnlp-main.192,,2021
109,Modular Self-Supervision for Document-Level Relation Extraction,http://arxiv.org/pdf/2109.05362v1,2021-09-11 20:09:18+00:00,http://arxiv.org/abs/2109.05362v1,,"Online and Punta Cana, Dominican Republic",Proceedings of the 2021 Conference on Empirical Methods in Natural Language Processing,10.18653/v1/2021.emnlp-main.429,,,November,,,5291--5302,Association for Computational Linguistics,https://aclanthology.org/2021.emnlp-main.429,,2021
110,COMBO: State-of-the-Art Morphosyntactic Analysis,http://arxiv.org/pdf/2109.05361v1,2021-09-11 20:00:20+00:00,http://arxiv.org/abs/2109.05361v1,,"Online and Punta Cana, Dominican Republic",Proceedings of the 2021 Conference on Empirical Methods in Natural Language Processing: System Demonstrations,10.18653/v1/2021.emnlp-demo.7,,,November,,,50--62,Association for Computational Linguistics,https://aclanthology.org/2021.emnlp-demo.7,,2021
111,To Protect and To Serve? Analyzing Entity-Centric Framing of Police Violence,http://arxiv.org/pdf/2109.05325v1,2021-09-11 17:37:21+00:00,http://arxiv.org/abs/2109.05325v1,,"Punta Cana, Dominican Republic",Findings of the Association for Computational Linguistics: EMNLP 2021,10.18653/v1/2021.findings-emnlp.82,,,November,,,957--976,Association for Computational Linguistics,https://aclanthology.org/2021.findings-emnlp.82,,2021
112,Multilingual Translation via Grafting Pre-trained Language Models,http://arxiv.org/pdf/2109.05256v1,2021-09-11 10:57:45+00:00,http://arxiv.org/abs/2109.05256v1,,"Punta Cana, Dominican Republic",Findings of the Association for Computational Linguistics: EMNLP 2021,10.18653/v1/2021.findings-emnlp.233,,,November,,,2735--2747,Association for Computational Linguistics,https://aclanthology.org/2021.findings-emnlp.233,,2021
113,Attention-based Contrastive Learning for Winograd Schemas,http://arxiv.org/pdf/2109.05108v1,2021-09-10 21:10:22+00:00,http://arxiv.org/abs/2109.05108v1,,"Punta Cana, Dominican Republic",Findings of the Association for Computational Linguistics: EMNLP 2021,10.18653/v1/2021.findings-emnlp.208,,,November,,,2428--2434,Association for Computational Linguistics,https://aclanthology.org/2021.findings-emnlp.208,,2021
114,BiSECT: Learning to Split and Rephrase Sentences with Bitexts,http://arxiv.org/pdf/2109.05006v1,2021-09-10 17:30:14+00:00,http://arxiv.org/abs/2109.05006v1,,"Online and Punta Cana, Dominican Republic",Proceedings of the 2021 Conference on Empirical Methods in Natural Language Processing,10.18653/v1/2021.emnlp-main.500,,,November,,,6193--6209,Association for Computational Linguistics,https://aclanthology.org/2021.emnlp-main.500,,2021
115,Studying word order through iterative shuffling,http://arxiv.org/pdf/2109.04867v1,2021-09-10 13:27:06+00:00,http://arxiv.org/abs/2109.04867v1,,"Online and Punta Cana, Dominican Republic",Proceedings of the 2021 Conference on Empirical Methods in Natural Language Processing,10.18653/v1/2021.emnlp-main.809,,,November,,,10351--10366,Association for Computational Linguistics,https://aclanthology.org/2021.emnlp-main.809,,2021
116,Artificial Text Detection via Examining the Topology of Attention Maps,http://arxiv.org/pdf/2109.04825v1,2021-09-10 12:13:45+00:00,http://arxiv.org/abs/2109.04825v1,,"Online and Punta Cana, Dominican Republic",Proceedings of the 2021 Conference on Empirical Methods in Natural Language Processing,10.18653/v1/2021.emnlp-main.50,,,November,,,635--649,Association for Computational Linguistics,https://aclanthology.org/2021.emnlp-main.50,,2021
117,A Strong Baseline for Query Efficient Attacks in a Black Box Setting,http://arxiv.org/pdf/2109.04775v1,2021-09-10 10:46:32+00:00,http://arxiv.org/abs/2109.04775v1,,"Online and Punta Cana, Dominican Republic",Proceedings of the 2021 Conference on Empirical Methods in Natural Language Processing,10.18653/v1/2021.emnlp-main.661,,,November,,,8396--8409,Association for Computational Linguistics,https://aclanthology.org/2021.emnlp-main.661,,2021
118,Pre-train or Annotate? Domain Adaptation with a Constrained Budget,http://arxiv.org/pdf/2109.04711v2,2021-09-10 07:28:26+00:00,http://arxiv.org/abs/2109.04711v2,,"Online and Punta Cana, Dominican Republic",Proceedings of the 2021 Conference on Empirical Methods in Natural Language Processing,10.18653/v1/2021.emnlp-main.409,,,November,,,5002--5015,Association for Computational Linguistics,https://aclanthology.org/2021.emnlp-main.409,,2021
119,Investigating Numeracy Learning Ability of a Text-to-Text Transfer Model,http://arxiv.org/pdf/2109.04672v1,2021-09-10 05:33:17+00:00,http://arxiv.org/abs/2109.04672v1,,"Punta Cana, Dominican Republic",Findings of the Association for Computational Linguistics: EMNLP 2021,10.18653/v1/2021.findings-emnlp.265,,,November,,,3095--3101,Association for Computational Linguistics,https://aclanthology.org/2021.findings-emnlp.265,,2021
120,Euphemistic Phrase Detection by Masked Language Model,http://arxiv.org/pdf/2109.04666v1,2021-09-10 04:57:30+00:00,http://arxiv.org/abs/2109.04666v1,,"Punta Cana, Dominican Republic",Findings of the Association for Computational Linguistics: EMNLP 2021,10.18653/v1/2021.findings-emnlp.16,,,November,,,163--168,Association for Computational Linguistics,https://aclanthology.org/2021.findings-emnlp.16,,2021
121,How May I Help You? Using Neural Text Simplification to Improve Downstream NLP Tasks,http://arxiv.org/pdf/2109.04604v2,2021-09-10 01:04:52+00:00,http://arxiv.org/abs/2109.04604v2,,"Punta Cana, Dominican Republic",Findings of the Association for Computational Linguistics: EMNLP 2021,10.18653/v1/2021.findings-emnlp.343,,,November,,,4074--4080,Association for Computational Linguistics,https://aclanthology.org/2021.findings-emnlp.343,,2021
122,AStitchInLanguageModels: Dataset and Methods for the Exploration of Idiomaticity in Pre-Trained Language Models,http://arxiv.org/pdf/2109.04413v1,2021-09-09 16:53:17+00:00,http://arxiv.org/abs/2109.04413v1,,"Punta Cana, Dominican Republic",Findings of the Association for Computational Linguistics: EMNLP 2021,10.18653/v1/2021.findings-emnlp.294,,,November,,,3464--3477,Association for Computational Linguistics,https://aclanthology.org/2021.findings-emnlp.294,,2021
123,Learning with Different Amounts of Annotation: From Zero to Many Labels,http://arxiv.org/pdf/2109.04408v2,2021-09-09 16:48:41+00:00,http://arxiv.org/abs/2109.04408v2,,"Online and Punta Cana, Dominican Republic",Proceedings of the 2021 Conference on Empirical Methods in Natural Language Processing,10.18653/v1/2021.emnlp-main.601,,,November,,,7620--7632,Association for Computational Linguistics,https://aclanthology.org/2021.emnlp-main.601,,2021
124,Multi-granularity Textual Adversarial Attack with Behavior Cloning,http://arxiv.org/pdf/2109.04367v1,2021-09-09 15:46:45+00:00,http://arxiv.org/abs/2109.04367v1,,"Online and Punta Cana, Dominican Republic",Proceedings of the 2021 Conference on Empirical Methods in Natural Language Processing,10.18653/v1/2021.emnlp-main.371,,,November,,,4511--4526,Association for Computational Linguistics,https://aclanthology.org/2021.emnlp-main.371,,2021
125,Graphine: A Dataset for Graph-aware Terminology Definition Generation,http://arxiv.org/pdf/2109.04018v1,2021-09-09 03:29:23+00:00,http://arxiv.org/abs/2109.04018v1,,"Online and Punta Cana, Dominican Republic",Proceedings of the 2021 Conference on Empirical Methods in Natural Language Processing,10.18653/v1/2021.emnlp-main.278,,,November,,,3453--3463,Association for Computational Linguistics,https://aclanthology.org/2021.emnlp-main.278,,2021
126,Sparsity and Sentence Structure in Encoder-Decoder Attention of Summarization Systems,http://arxiv.org/pdf/2109.03888v1,2021-09-08 19:32:42+00:00,http://arxiv.org/abs/2109.03888v1,,"Online and Punta Cana, Dominican Republic",Proceedings of the 2021 Conference on Empirical Methods in Natural Language Processing,10.18653/v1/2021.emnlp-main.739,,,November,,,9359--9368,Association for Computational Linguistics,https://aclanthology.org/2021.emnlp-main.739,,2021
127,Collecting a Large-Scale Gender Bias Dataset for Coreference Resolution and Machine Translation,http://arxiv.org/pdf/2109.03858v2,2021-09-08 18:14:11+00:00,http://arxiv.org/abs/2109.03858v2,,"Punta Cana, Dominican Republic",Findings of the Association for Computational Linguistics: EMNLP 2021,10.18653/v1/2021.findings-emnlp.211,,,November,,,2470--2480,Association for Computational Linguistics,https://aclanthology.org/2021.findings-emnlp.211,,2021
128,When differential privacy meets NLP: The devil is in the detail,http://arxiv.org/pdf/2109.03175v1,2021-09-07 16:12:25+00:00,http://arxiv.org/abs/2109.03175v1,,"Online and Punta Cana, Dominican Republic",Proceedings of the 2021 Conference on Empirical Methods in Natural Language Processing,10.18653/v1/2021.emnlp-main.114,,,November,,,1522--1528,Association for Computational Linguistics,https://aclanthology.org/2021.emnlp-main.114,,2021
129,PAUSE: Positive and Annealed Unlabeled Sentence Embedding,http://arxiv.org/pdf/2109.03155v1,2021-09-07 15:46:19+00:00,http://arxiv.org/abs/2109.03155v1,,"Online and Punta Cana, Dominican Republic",Proceedings of the 2021 Conference on Empirical Methods in Natural Language Processing,10.18653/v1/2021.emnlp-main.791,,,November,,,10096--10107,Association for Computational Linguistics,https://aclanthology.org/2021.emnlp-main.791,,2021
130,Datasets: A Community Library for Natural Language Processing,http://arxiv.org/pdf/2109.02846v1,2021-09-07 03:59:22+00:00,http://arxiv.org/abs/2109.02846v1,,"Online and Punta Cana, Dominican Republic",Proceedings of the 2021 Conference on Empirical Methods in Natural Language Processing: System Demonstrations,10.18653/v1/2021.emnlp-demo.21,,,November,,,175--184,Association for Computational Linguistics,https://aclanthology.org/2021.emnlp-demo.21,,2021
131,LightTag: Text Annotation Platform,http://arxiv.org/pdf/2109.02320v1,2021-09-06 09:41:48+00:00,http://arxiv.org/abs/2109.02320v1,,"Online and Punta Cana, Dominican Republic",Proceedings of the 2021 Conference on Empirical Methods in Natural Language Processing: System Demonstrations,10.18653/v1/2021.emnlp-demo.3,,,November,,,20--27,Association for Computational Linguistics,https://aclanthology.org/2021.emnlp-demo.3,,2021
132,Nearest Neighbour Few-Shot Learning for Cross-lingual Classification,http://arxiv.org/pdf/2109.02221v1,2021-09-06 03:18:23+00:00,http://arxiv.org/abs/2109.02221v1,,"Online and Punta Cana, Dominican Republic",Proceedings of the 2021 Conference on Empirical Methods in Natural Language Processing,10.18653/v1/2021.emnlp-main.131,,,November,,,1745--1753,Association for Computational Linguistics,https://aclanthology.org/2021.emnlp-main.131,,2021
133,How Suitable Are Subword Segmentation Strategies for Translating Non-Concatenative Morphology?,http://arxiv.org/pdf/2109.01100v1,2021-09-02 17:23:21+00:00,http://arxiv.org/abs/2109.01100v1,,"Punta Cana, Dominican Republic",Findings of the Association for Computational Linguistics: EMNLP 2021,10.18653/v1/2021.findings-emnlp.60,,,November,,,689--705,Association for Computational Linguistics,https://aclanthology.org/2021.findings-emnlp.60,,2021
134,Imposing Relation Structure in Language-Model Embeddings Using Contrastive Learning,http://arxiv.org/pdf/2109.00840v2,2021-09-02 10:58:27+00:00,http://arxiv.org/abs/2109.00840v2,,Online,Proceedings of the 25th Conference on Computational Natural Language Learning,10.18653/v1/2021.conll-1.27,,,November,,,337--348,Association for Computational Linguistics,https://aclanthology.org/2021.conll-1.27,,2021
135,Towards Improving Adversarial Training of NLP Models,http://arxiv.org/pdf/2109.00544v2,2021-09-01 17:14:26+00:00,http://arxiv.org/abs/2109.00544v2,,"Punta Cana, Dominican Republic",Findings of the Association for Computational Linguistics: EMNLP 2021,10.18653/v1/2021.findings-emnlp.81,,,November,,,945--956,Association for Computational Linguistics,https://aclanthology.org/2021.findings-emnlp.81,,2021
136,Discovering Representation Sprachbund For Multilingual Pre-Training,http://arxiv.org/pdf/2109.00271v1,2021-09-01 09:32:06+00:00,http://arxiv.org/abs/2109.00271v1,,"Punta Cana, Dominican Republic",Findings of the Association for Computational Linguistics: EMNLP 2021,10.18653/v1/2021.findings-emnlp.75,,,November,,,881--894,Association for Computational Linguistics,https://aclanthology.org/2021.findings-emnlp.75,,2021
137,Sentence Bottleneck Autoencoders from Transformer Language Models,http://arxiv.org/pdf/2109.00055v2,2021-08-31 19:39:55+00:00,http://arxiv.org/abs/2109.00055v2,,"Online and Punta Cana, Dominican Republic",Proceedings of the 2021 Conference on Empirical Methods in Natural Language Processing,10.18653/v1/2021.emnlp-main.137,,,November,,,1822--1831,Association for Computational Linguistics,https://aclanthology.org/2021.emnlp-main.137,,2021
138,Effective Sequence-to-Sequence Dialogue State Tracking,http://arxiv.org/pdf/2108.13990v2,2021-08-31 17:27:59+00:00,http://arxiv.org/abs/2108.13990v2,,"Online and Punta Cana, Dominican Republic",Proceedings of the 2021 Conference on Empirical Methods in Natural Language Processing,10.18653/v1/2021.emnlp-main.593,,,November,,,7486--7493,Association for Computational Linguistics,https://aclanthology.org/2021.emnlp-main.593,,2021
139,Thermostat: A Large Collection of NLP Model Explanations and Analysis Tools,http://arxiv.org/pdf/2108.13961v1,2021-08-31 16:42:35+00:00,http://arxiv.org/abs/2108.13961v1,,"Online and Punta Cana, Dominican Republic",Proceedings of the 2021 Conference on Empirical Methods in Natural Language Processing: System Demonstrations,10.18653/v1/2021.emnlp-demo.11,,,November,,,87--95,Association for Computational Linguistics,https://aclanthology.org/2021.emnlp-demo.11,,2021
140,Want To Reduce Labeling Cost? GPT-3 Can Help,http://arxiv.org/pdf/2108.13487v1,2021-08-30 19:18:24+00:00,http://arxiv.org/abs/2108.13487v1,,"Punta Cana, Dominican Republic",Findings of the Association for Computational Linguistics: EMNLP 2021,10.18653/v1/2021.findings-emnlp.354,,,November,,,4195--4205,Association for Computational Linguistics,https://aclanthology.org/2021.findings-emnlp.354,,2021
141,Searching for an Effective Defender: Benchmarking Defense against Adversarial Word Substitution,http://arxiv.org/pdf/2108.12777v2,2021-08-29 08:11:36+00:00,http://arxiv.org/abs/2108.12777v2,,"Online and Punta Cana, Dominican Republic",Proceedings of the 2021 Conference on Empirical Methods in Natural Language Processing,10.18653/v1/2021.emnlp-main.251,,,November,,,3137--3147,Association for Computational Linguistics,https://aclanthology.org/2021.emnlp-main.251,,2021
142,SummerTime: Text Summarization Toolkit for Non-experts,http://arxiv.org/pdf/2108.12738v2,2021-08-29 03:24:48+00:00,http://arxiv.org/abs/2108.12738v2,,"Online and Punta Cana, Dominican Republic",Proceedings of the 2021 Conference on Empirical Methods in Natural Language Processing: System Demonstrations,10.18653/v1/2021.emnlp-demo.37,,,November,,,329--338,Association for Computational Linguistics,https://aclanthology.org/2021.emnlp-demo.37,,2021
143,$k$Folden: $k$-Fold Ensemble for Out-Of-Distribution Detection,http://arxiv.org/pdf/2108.12731v2,2021-08-29 01:52:11+00:00,http://arxiv.org/abs/2108.12731v2,,"Online and Punta Cana, Dominican Republic",Proceedings of the 2021 Conference on Empirical Methods in Natural Language Processing,10.18653/v1/2021.emnlp-main.248,,,November,,,3102--3115,Association for Computational Linguistics,https://aclanthology.org/2021.emnlp-main.248,,2021
144,DomiKnowS: A Library for Integration of Symbolic Domain Knowledge in Deep Learning,http://arxiv.org/pdf/2108.12370v1,2021-08-27 16:06:42+00:00,http://arxiv.org/abs/2108.12370v1,,"Online and Punta Cana, Dominican Republic",Proceedings of the 2021 Conference on Empirical Methods in Natural Language Processing: System Demonstrations,10.18653/v1/2021.emnlp-demo.27,,,November,,,231--241,Association for Computational Linguistics,https://aclanthology.org/2021.emnlp-demo.27,,2021
145,Evaluating the Robustness of Neural Language Models to Input Perturbations,http://arxiv.org/pdf/2108.12237v1,2021-08-27 12:31:17+00:00,http://arxiv.org/abs/2108.12237v1,,"Online and Punta Cana, Dominican Republic",Proceedings of the 2021 Conference on Empirical Methods in Natural Language Processing,10.18653/v1/2021.emnlp-main.117,,,November,,,1558--1570,Association for Computational Linguistics,https://aclanthology.org/2021.emnlp-main.117,,2021
146,ProtoInfoMax: Prototypical Networks with Mutual Information Maximization for Out-of-Domain Detection,http://arxiv.org/pdf/2108.12229v5,2021-08-27 11:55:34+00:00,http://arxiv.org/abs/2108.12229v5,,"Punta Cana, Dominican Republic",Findings of the Association for Computational Linguistics: EMNLP 2021,10.18653/v1/2021.findings-emnlp.138,,,November,,,1606--1617,Association for Computational Linguistics,https://aclanthology.org/2021.findings-emnlp.138,,2021
147,Attentive fine-tuning of Transformers for Translation of low-resourced languages @LoResMT 2021,http://arxiv.org/pdf/2108.08556v2,2021-08-19 08:46:14+00:00,http://arxiv.org/abs/2108.08556v2,,Virtual,Proceedings of the 4th Workshop on Technologies for MT of Low Resource Languages (LoResMT2021),,,,August,,,134--143,Association for Machine Translation in the Americas,https://aclanthology.org/2021.mtsummit-loresmt.14,,2021
148,Contributions of Transformer Attention Heads in Multi- and Cross-lingual Tasks,http://arxiv.org/pdf/2108.08375v1,2021-08-18 20:17:46+00:00,http://arxiv.org/abs/2108.08375v1,,Online,Proceedings of the 59th Annual Meeting of the Association for Computational Linguistics and the 11th International Joint Conference on Natural Language Processing (Volume 1: Long Papers),10.18653/v1/2021.acl-long.152,,,August,,,1956--1966,Association for Computational Linguistics,https://aclanthology.org/2021.acl-long.152,,2021
149,Modulating Language Models with Emotions,http://arxiv.org/pdf/2108.07886v1,2021-08-17 21:32:49+00:00,http://arxiv.org/abs/2108.07886v1,,Online,Findings of the Association for Computational Linguistics: ACL-IJCNLP 2021,10.18653/v1/2021.findings-acl.379,,,August,,,4332--4339,Association for Computational Linguistics,https://aclanthology.org/2021.findings-acl.379,,2021
150,Challenges and Applications of Automated Extraction of Socio-political Events from Text (CASE 2021): Workshop and Shared Task Report,http://arxiv.org/pdf/2108.07865v1,2021-08-17 20:29:49+00:00,http://arxiv.org/abs/2108.07865v1,,Online,Proceedings of the 4th Workshop on Challenges and Applications of Automated Extraction of Socio-political Events from Text (CASE 2021),10.18653/v1/2021.case-1.1,,,August,,,1--9,Association for Computational Linguistics,https://aclanthology.org/2021.case-1.1,,2021
151,Reusable Templates and Guides For Documenting Datasets and Models for Natural Language Processing and Generation: A Case Study of the HuggingFace and GEM Data and Model Cards,http://arxiv.org/pdf/2108.07374v1,2021-08-16 23:15:09+00:00,http://arxiv.org/abs/2108.07374v1,,Online,"Proceedings of the 1st Workshop on Natural Language Generation, Evaluation, and Metrics (GEM 2021)",10.18653/v1/2021.gem-1.11,,,August,,,121--135,Association for Computational Linguistics,https://aclanthology.org/2021.gem-1.11,,2021
152,"MobIE: A German Dataset for Named Entity Recognition, Entity Linking and Relation Extraction in the Mobility Domain",http://arxiv.org/pdf/2108.06955v2,2021-08-16 08:21:50+00:00,http://arxiv.org/abs/2108.06955v2,,"D{\""u}sseldorf, Germany",Proceedings of the 17th Conference on Natural Language Processing (KONVENS 2021),,,,6--9 September,,,223--227,KONVENS 2021 Organizers,https://aclanthology.org/2021.konvens-1.22,,2021
153,Perturbing Inputs for Fragile Interpretations in Deep Natural Language Processing,http://arxiv.org/pdf/2108.04990v2,2021-08-11 02:07:21+00:00,http://arxiv.org/abs/2108.04990v2,,"Punta Cana, Dominican Republic",Proceedings of the Fourth BlackboxNLP Workshop on Analyzing and Interpreting Neural Networks for NLP,10.18653/v1/2021.blackboxnlp-1.33,,,November,,,420--434,Association for Computational Linguistics,https://aclanthology.org/2021.blackboxnlp-1.33,,2021
154,Finetuning Pretrained Transformers into Variational Autoencoders,http://arxiv.org/pdf/2108.02446v3,2021-08-05 08:27:26+00:00,http://arxiv.org/abs/2108.02446v3,,"Online and Punta Cana, Dominican Republic",Proceedings of the Second Workshop on Insights from Negative Results in NLP,10.18653/v1/2021.insights-1.5,,,November,,,29--35,Association for Computational Linguistics,https://aclanthology.org/2021.insights-1.5,,2021
155,Robust Transfer Learning with Pretrained Language Models through Adapters,http://arxiv.org/pdf/2108.02340v1,2021-08-05 02:30:13+00:00,http://arxiv.org/abs/2108.02340v1,,Online,Proceedings of the 59th Annual Meeting of the Association for Computational Linguistics and the 11th International Joint Conference on Natural Language Processing (Volume 2: Short Papers),10.18653/v1/2021.acl-short.108,,,August,,,854--861,Association for Computational Linguistics,https://aclanthology.org/2021.acl-short.108,,2021
156,Changes in European Solidarity Before and During COVID-19: Evidence from a Large Crowd- and Expert-Annotated Twitter Dataset,http://arxiv.org/pdf/2108.01042v1,2021-08-02 17:03:12+00:00,http://arxiv.org/abs/2108.01042v1,,Online,Proceedings of the 59th Annual Meeting of the Association for Computational Linguistics and the 11th International Joint Conference on Natural Language Processing (Volume 1: Long Papers),10.18653/v1/2021.acl-long.129,,,August,,,1623--1637,Association for Computational Linguistics,https://aclanthology.org/2021.acl-long.129,,2021
157,Term Expansion and FinBERT fine-tuning for Hypernym and Synonym Ranking of Financial Terms,http://arxiv.org/pdf/2107.13764v1,2021-07-29 06:17:44+00:00,http://arxiv.org/abs/2107.13764v1,,Online,Proceedings of the Third Workshop on Financial Technology and Natural Language Processing,,,,19 August,,,46--51,-,https://aclanthology.org/2021.finnlp-1.8,,2021
